Plant Name,Image File Name,Status,Category,Edibility,Usage,WNNC Location,Notes,Google Search Link,
California Black Walnut,California_Black_Walnut.jpg,Native,Tree,Edible,Nuts edible; dye from husks; shade tree; wildlife food; endemic,Hiking trail/Butterfly Garden/Parking Lot,,https://www.google.com/search?q=California%20Black%20Walnut%20California%20native%20plant,
Common Yarrow,Common_Yarrow.jpg,Native,Herb,Caution,Medicinal wound herb; dried arrangements; pollinator; dye plant,Butterfly Garden,,https://www.google.com/search?q=Common%20Yarrow%20California%20native%20plant,
Showy Penstemon,Showy_Penstemon.jpg,Native,Herb,Not edible,Ornamental; hummingbird & bee plant; dry slope garden,Butterfly Garden,,https://www.google.com/search?q=Showy%20Penstemon%20California%20native%20plant,
Narrowleaf Milkweed,Narrowleaf_Milkweed.jpg,Native,Herb,Poisonous,Monarch butterfly host; wildlife; restoration planting; toxic raw,Butterfly Garden,,https://www.google.com/search?q=Narrowleaf%20Milkweed%20California%20native%20plant,
White Sage,White_Sage.jpg,Native,Shrub,Edible,Ceremonial smudging; medicinal; culinary; pollinator; cultural significance,Butterfly Garden,,https://www.google.com/search?q=White%20Sage%20California%20native%20plant,
Hummingbird Sage,Hummingbird_Sage.jpg,Native,Herb,Edible,Leaves edible as tea; hummingbird plant; shade garden; medicinal,Butterfly Garden,,https://www.google.com/search?q=Hummingbird%20Sage%20California%20native%20plant,
California Wild Grape,California_Wild_Grape.jpg,Native,Vine,Edible,Fruit edible fresh or dried (raisins); leaves used in cooking; wildlife food; shade arbor vine; makes tart juice and jelly,T1,,https://www.google.com/search?q=California%20Wild%20Grape%20California%20native%20plant,
Stinging Nettle,Stinging_Nettle.jpg,Native,Herb,Caution,Edible cooked (nutritious); fiber for cordage; medicinal; dye plant,T1,,https://www.google.com/search?q=Stinging%20Nettle%20California%20native%20plant,
Catalina Cherry,Catalina_Cherry.jpg,Native,Shrub,Caution,Fruit eaten (pit removed); wildlife food; street tree; ornamental,T1,,https://www.google.com/search?q=Catalina%20Cherry%20California%20native%20plant,
Coast Live Oak,Coast_Live_Oak.jpg,Native,Tree,Caution,Acorns leached & eaten; wildlife habitat; shade tree; wood for fuel,T1,,https://www.google.com/search?q=Coast%20Live%20Oak%20California%20native%20plant,
Coyote Brush,Coyote_Brush.jpg,Native,Shrub,Not edible,Erosion control; pioneer revegetation; insect habitat; fire-resilient,T1,,https://www.google.com/search?q=Coyote%20Brush%20California%20native%20plant,
Prickly Pear Cactus,Prickly_Pear_Cactus.jpg,Native,Cactus,Edible,Pads (nopales) & fruit (tunas) eaten; medicinal; wildlife food,T1,,https://www.google.com/search?q=Prickly%20Pear%20Cactus%20California%20native%20plant,
Coastal Prickly Pear,Coastal_Prickly_Pear.jpg,Native,Cactus,Edible,Pads & fruit edible; coastal sage scrub; wildlife food; erosion,"T1, T4",,https://www.google.com/search?q=Coastal%20Prickly%20Pear%20California%20native%20plant,
Cholla (Teddy Bear),Cholla.jpg,Native,Cactus,Edible,Buds edible (roasted); ornamental; hummingbird & cactus wren habitat,T1,Jumping Cholla,https://www.google.com/search?q=Cholla%20%28Teddy%20Bear%29%20California%20native%20plant,
California Coffeeberry,California_Coffeeberry.jpg,Native,Shrub,Poisonous,Medicinal laxative bark; wildlife food; hedging; native garden,"T1, T2",,https://www.google.com/search?q=California%20Coffeeberry%20California%20native%20plant,
Golden Currant,Golden_Currant.jpg,Native,Shrub,Edible,Berries edible; jam; wildlife food; ornamental; aromatic flowers,T1,,https://www.google.com/search?q=Golden%20Currant%20California%20native%20plant,
Mulefat,Mulefat.jpg,Native,Shrub,Not edible,Riparian habitat; stream bank stabilizer; butterfly & bee forage; wildlife cover; fast-growing pioneer,T1,,https://www.google.com/search?q=Mulefat%20California%20native%20plant,
Blue Elderberry,Blue_Elderberry.jpg,Native,Shrub,Caution,Berries for jam/wine (cooked); medicinal; wildlife food; flute-making,T1,,https://www.google.com/search?q=Blue%20Elderberry%20California%20native%20plant,
California Buckwheat,California_Buckwheat.jpg,Native,Shrub,Edible,Pollinator magnet; seeds & flowers edible; medicinal; erosion control,T1,,https://www.google.com/search?q=California%20Buckwheat%20California%20native%20plant,
Black Mustard,Black_Mustard.jpg,Non-native,Herb,Edible,Edible seeds & greens; invasive weed; fire hazard; bee forage,Everywhere,,https://www.google.com/search?q=Black%20Mustard%20California%20native%20plant,
Miners Lettuce,Miners_Lettuce.jpg,Native,Herb,Edible,Excellent edible salad green; anti-scurvy; moist garden groundcover,Everywhere,,https://www.google.com/search?q=Miners%20Lettuce%20California%20native%20plant,
Desert Dandelion,Desert_Dandelion.jpg,Native,Herb,Edible,Edible leaves; desert wildflower display; bee forage,Everywhere,,https://www.google.com/search?q=Desert%20Dandelion%20California%20native%20plant,
Common Dandelion,Common_Dandelion.jpg,Non-native,Herb,Edible,All parts edible; medicinal; bee forage; wine; coffee substitute,Everywhere,,https://www.google.com/search?q=Common%20Dandelion%20California%20native%20plant,
Common Sowthistle,Common_Sowthistle.jpg,Non-native,Herb,Edible,Edible young greens; wildlife food; bee forage; common weed,T2,,https://www.google.com/search?q=Common%20Sowthistle%20California%20native%20plant,
Common Elderberry,Common_Elderberry.jpg,Non-native,Shrub,Caution,Berries edible cooked; medicinal; wildlife food; ornamental,T2,,https://www.google.com/search?q=Common%20Elderberry%20California%20native%20plant,
Desert Sunflower,Desert_Sunflower.jpg,Native,Herb,Edible,Seeds edible; brilliant spring display; bee forage; desert annual,T2,,https://www.google.com/search?q=Desert%20Sunflower%20California%20native%20plant,
Sticky Monkeyflower,Sticky_Monkeyflower.jpg,Native,Shrub,Not edible,Hummingbird plant; ornamental; pollinator habitat; slope stabilizer,T2,,https://www.google.com/search?q=Sticky%20Monkeyflower%20California%20native%20plant,
Mediterranean Sage,Mediterranean_Sage.jpg,Non-native,Shrub,Not edible,Invasive shrub; fire hazard; displaces native sage scrub,T2,,https://www.google.com/search?q=Mediterranean%20Sage%20California%20native%20plant,
California Buckwheat (Flat-top),California_Buckwheat.jpg,Native,Shrub,Edible,Seeds & flowers edible; top pollinator plant; erosion control,T2,,https://www.google.com/search?q=California%20Buckwheat%20%28Flat-top%29%20California%20native%20plant,
Sun Cup,Sun_Cup.jpg,Native,Herb,Edible,Young leaves & roots edible; low-growing spring wildflower; yellow evening-primrose-like flowers; grassland & open woodland ground cover,Everywhere,,https://www.google.com/search?q=Sun%20Cup%20California%20native%20plant,
California Sunflower,California_Sunflower.jpg,Native,Herb,Edible,Seeds edible; wildlife food; riparian garden; pollinator,T2,,https://www.google.com/search?q=California%20Sunflower%20California%20native%20plant,
Chaparral Nightshade,Chaparral_Nightshade.jpg,Native,Shrub,Poisonous,Wildlife food (birds tolerate); berries toxic to humans; chaparral,T2,,https://www.google.com/search?q=Chaparral%20Nightshade%20California%20native%20plant,
California Wild Rose,California_Wild_Rose.jpg,Native,Shrub,Edible,Rose hips for tea/jam (Vit C); medicinal; wildlife food; hedging,T3,,https://www.google.com/search?q=California%20Wild%20Rose%20California%20native%20plant,
Fuchsia-flowered Gooseberry,Fuchsia_flowered_Gooseberry.jpg,Native,Shrub,Caution,Berries edible; hummingbird plant; ornamental; wildlife food,T3,,https://www.google.com/search?q=Fuchsia-flowered%20Gooseberry%20California%20native%20plant,
Laurel Sumac,Laurel_Sumac.jpg,Native,Shrub,Not edible,Wildlife habitat; erosion control; frost-line indicator; windbreak,Parking Lot,,https://www.google.com/search?q=Laurel%20Sumac%20California%20native%20plant,
Matilija Poppy,Matilija_Poppy.jpg,Native,Herb,Not edible,Ornamental (largest flower of any California native); erosion control on slopes; medicinal resin; drought-tolerant garden specimen,Parking Lot,,https://www.google.com/search?q=Matilija%20Poppy%20California%20native%20plant,
Western Sycamore,Western_Sycamore.jpg,Native,Tree,Not edible,Shade tree; riparian habitat; nesting sites; wood for crafts,Parking Lot,,https://www.google.com/search?q=Western%20Sycamore%20California%20native%20plant,
Chinese Holly (Horned Holly),Chinese_Holly.jpg,Non-native,Shrub,Poisonous,Ornamental hedge; berries toxic if ingested; spiny leaves deter intruders; winter berry display; widely used in landscaping,In front of the restroom,,https://www.google.com/search?q=Chinese%20Holly%20%28Horned%20Holly%29%20California%20native%20plant,
Black Sage,Black_Sage.jpg,Native,Shrub,Edible,Culinary herb; medicinal tea; honey plant; seed food; pollinator garden,Native Garden,,https://www.google.com/search?q=Black%20Sage%20California%20native%20plant,
Purple Sage,Purple_Sage.jpg,Native,Shrub,Edible,Culinary & medicinal herb; seeds eaten; pollinator plant; ornamental,Native Garden,,https://www.google.com/search?q=Purple%20Sage%20California%20native%20plant,
Bladderpod,Bladderpod.jpg,Native,Shrub,Not edible,Ornamental pods; desert garden; pollinator plant,Native Garden,,https://www.google.com/search?q=Bladderpod%20California%20native%20plant,
California Sagebrush,California_Sagebrush.jpg,Native,Shrub,Caution,Medicinal poultice; ceremonial; erosion control; sage scrub habitat,Native Garden,cowboy cologne,https://www.google.com/search?q=California%20Sagebrush%20California%20native%20plant,
Ceanothus 'Dark Star' (California Lilac),California_Lilac.jpg,Native,Shrub,Edible,Flowers used for tea; nitrogen fixer; outstanding pollinator shrub; ornamental deep-blue flowers; butterfly & bee magnet,Native Garden,,https://www.google.com/search?q=Ceanothus%20%27Dark%20Star%27%20%28California%20Lilac%29%20California%20native%20plant,
Western Columbine,Western_Columbine.jpg,Native,Herb,Caution,Hummingbird plant; ornamental shade garden; seeds toxic — handle with care; medicinal by Indigenous peoples; moist slope garden,Native Garden,,https://www.google.com/search?q=Western%20Columbine%20California%20native%20plant,
Scarlet Columbine,Scarlet_Columbine.jpg,Native,Herb,Caution,Hummingbird specialist; vivid red & yellow flowers; ornamental; seeds toxic; woodland & streamside garden; pollinator plant,Native Garden,,https://www.google.com/search?q=Scarlet%20Columbine%20California%20native%20plant,
Penstemon,Penstemon.jpg,Native,Herb,Not edible,Hummingbird & bee plant; wide variety of ornamental species; drought-tolerant garden; dry slope erosion control; pollinator corridor,Native Garden,,https://www.google.com/search?q=Penstemon%20California%20native%20plant,
Western Redbud,Western_Redbud.jpg,Native,Tree,Edible,Flowers & young pods edible; basket weaving material; ornamental spring bloomer; pollinator tree; fall color; drought-tolerant,Native Garden,,https://www.google.com/search?q=Western%20Redbud%20California%20native%20plant,
Coastal Sunflower,Coastal_Sunflower.jpg,Native,Herb,Edible,Seeds edible; long-blooming ornamental; coastal & inland garden; excellent pollinator plant; wildlife food; slope stabilizer,Native Garden,,https://www.google.com/search?q=Coastal%20Sunflower%20California%20native%20plant,
Coral Canyon California Fuchsia,Coral_Canyon_California_Fuchsia.jpg,Native,Shrub,Not edible,Hummingbird magnet; vivid coral-red tubular flowers; drought-tolerant ornamental; late summer–fall bloomer; dry rocky slopes,Native Garden,,https://www.google.com/search?q=Coral%20Canyon%20California%20Fuchsia%20California%20native%20plant,
Western Mahogany,Western_Mahogany.jpg,Native,Shrub,Not edible,Extremely hard dense wood used for tools & crafts; deer browse; slope stabilizer; chaparral structure; feathery seed tails ornamental,Native Garden,,https://www.google.com/search?q=Western%20Mahogany%20California%20native%20plant,
Coyote Brush,Coyote_Brush.jpg,Sugar_Bush.jpg,Native,Shrub,Not edible,Erosion control; pioneer revegetation on disturbed soils; insect habitat; fire-resilient; important late-season bee forage,Native Garden,,https://www.google.com/search?q=Coyote%20Brush%20California%20native%20plant
Sugar Bush,Sugar_Bush.jpg,Native,Shrub,Edible,Berries eaten; medicinal; wildlife food; drought-tolerant ornamental,?,,https://www.google.com/search?q=Sugar%20Bush%20California%20native%20plant,
California Poppy,California_Poppy.jpg,Native,Herb,Caution,Medicinal sedative; dried flowers used in teas; ornamental; state flower,?,,https://www.google.com/search?q=California%20Poppy%20California%20native%20plant,
Poison Oak,Poison_Oak.jpg,Native,Shrub,Poisonous,Critical wildlife food (berries); bird habitat; do not touch,?,,https://www.google.com/search?q=Poison%20Oak%20California%20native%20plant,
Fremont Cottonwood,Fremont_Cottonwood.jpg,Native,Tree,Edible,Inner bark edible; riparian habitat; nesting; windbreak; fast shade,?,,https://www.google.com/search?q=Fremont%20Cottonwood%20California%20native%20plant,
Purple Nightshade,Purple_Nightshade.jpg,Native,Shrub,Poisonous,Wildlife food; toxic to humans; dry slope habitat,?,,https://www.google.com/search?q=Purple%20Nightshade%20California%20native%20plant,
Wild Radish,Wild_Radish.jpg,Non-native,Herb,Edible,"Edible roots, leaves & seeds; common weed; bee forage",?,,https://www.google.com/search?q=Wild%20Radish%20California%20native%20plant,
Bermuda Buttercup,Bermuda_Buttercup.jpg,Non-native,Herb,Caution,Edible (high oxalates); ornamental bulb; invasive; tart flavor,?,,https://www.google.com/search?q=Bermuda%20Buttercup%20California%20native%20plant,
Golden Yarrow,Golden_Yarrow.jpg,Native,Herb,Edible,Medicinal; dried arrangement; pollinator; coastal bluff garden,?,,https://www.google.com/search?q=Golden%20Yarrow%20California%20native%20plant,
Showy Milkweed,Showy_Milkweed.jpg,Native,Herb,Poisonous,Monarch butterfly host; fiber; wildlife; restoration planting,?,,https://www.google.com/search?q=Showy%20Milkweed%20California%20native%20plant,
California Barberry,California_Barberry.jpg,Native,Shrub,Caution,Yellow dye from roots; berries for jam; medicinal; hedging,?,,https://www.google.com/search?q=California%20Barberry%20California%20native%20plant,
Desert Willow,Desert_Willow.jpg,Native,Tree,Edible,Flowers edible; ornamental; hummingbird plant; desert riparian,?,,https://www.google.com/search?q=Desert%20Willow%20California%20native%20plant,
California Buttercup,California_Buttercup.jpg,Native,Herb,Poisonous,Ornamental; pollinator; moist meadow restoration; toxic sap,?,,https://www.google.com/search?q=California%20Buttercup%20California%20native%20plant,
Prickly Sowthistle,Prickly_Sowthistle.jpg,Non-native,Herb,Edible,Edible young greens; wildlife food; bee forage; urban weed,?,,https://www.google.com/search?q=Prickly%20Sowthistle%20California%20native%20plant,
Prickly Lettuce,Prickly_Lettuce.jpg,Non-native,Herb,Caution,Edible young leaves (bitter); ancestor of garden lettuce; medicinal,?,,https://www.google.com/search?q=Prickly%20Lettuce%20California%20native%20plant,
Prickly Poppy,Prickly_Poppy.jpg,Native,Herb,Poisonous,Medicinal yellow sap (historic); ornamental; toxic if ingested,?,,https://www.google.com/search?q=Prickly%20Poppy%20California%20native%20plant,
Bladder Sage,Bladder_Sage.jpg,Native,Shrub,Not edible,Ornamental inflated seed pods; desert garden; dry wash,,,https://www.google.com/search?q=Bladder%20Sage%20California%20native%20plant,
California Hedge Nettle,California_Hedge_Nettle.jpg,Native,Herb,Edible,Medicinal tea; hummingbird plant; moist coastal garden; no sting,?,,https://www.google.com/search?q=California%20Hedge%20Nettle%20California%20native%20plant,
Western Redbud,Western_Redbud.jpg,Native,Tree,Edible,Flowers & pods eaten; basket weaving; ornamental; pollinator tree,,,https://www.google.com/search?q=Western%20Redbud%20California%20native%20plant,
Toyon,Toyon.jpg,Native,Shrub,Caution,Berries cooked into preserves; wildlife food; erosion control; ornamental,,,https://www.google.com/search?q=Toyon%20California%20native%20plant,
Chamise,Chamise.jpg,Native,Shrub,Not edible,Fire-adapted habitat; erosion control; chaparral community anchor,,,https://www.google.com/search?q=Chamise%20California%20native%20plant,
Common Manzanita,Common_Manzanita.jpg,Native,Shrub,Edible,Berries eaten raw or as cider; medicinal; wildlife food; ornamental,,,https://www.google.com/search?q=Common%20Manzanita%20California%20native%20plant,
Lemonade Berry,Lemonade_Berry.jpg,Native,Shrub,Edible,Berries soaked for tart drink; wildlife food; erosion control; hedge,,,https://www.google.com/search?q=Lemonade%20Berry%20California%20native%20plant,
Flannel Bush,Flannel_Bush.jpg,Native,Shrub,Poisonous,Ornamental; hummingbird plant; slope stabilization; showy garden shrub,,,https://www.google.com/search?q=Flannel%20Bush%20California%20native%20plant,
Deerweed,Deerweed.jpg,Native,Shrub,Not edible,Nitrogen fixer; post-fire revegetation; butterfly host; erosion control,,,https://www.google.com/search?q=Deerweed%20California%20native%20plant,
Woolly Blue Curls,Woolly_Blue_Curls.jpg,Native,Shrub,Edible,Medicinal; pollinator plant; ornamental; aromatic; bee forage,,,https://www.google.com/search?q=Woolly%20Blue%20Curls%20California%20native%20plant,
Bush Lupine,Bush_Lupine.jpg,Native,Shrub,Poisonous,Nitrogen fixer; coastal stabilizer; wildlife habitat; ornamental,,,https://www.google.com/search?q=Bush%20Lupine%20California%20native%20plant,
Hollyleaf Redberry,Hollyleaf_Redberry.jpg,Native,Shrub,Poisonous,Wildlife food; thicket habitat; deer browse; chaparral structure,,,https://www.google.com/search?q=Hollyleaf%20Redberry%20California%20native%20plant,
Chaparral Clematis,Chaparral_Clematis.jpg,Native,Vine,Poisonous,Wildlife cover; climbing habitat structure; seed plumes decorative,,,https://www.google.com/search?q=Chaparral%20Clematis%20California%20native%20plant,
Wild Cucumber,Wild_Cucumber.jpg,Native,Vine,Poisonous,Wildlife cover; spring ephemeral interest; Indigenous soap use,,,https://www.google.com/search?q=Wild%20Cucumber%20California%20native%20plant,
Blue Blossom Ceanothus,Blue_Blossom_Ceanothus.jpg,Native,Shrub,Edible,Flowers for tea; nitrogen fixer; ornamental; butterfly host plant,,,https://www.google.com/search?q=Blue%20Blossom%20Ceanothus%20California%20native%20plant,
Bigberry Manzanita,Bigberry_Manzanita.jpg,Native,Shrub,Edible,Berries for cider & jelly; wildlife food; ornamental; chaparral anchor,,,https://www.google.com/search?q=Bigberry%20Manzanita%20California%20native%20plant,
Chaparral Whitethorn,Chaparral_Whitethorn.jpg,Native,Shrub,Edible,Nitrogen fixer; wildlife habitat; flowers for tea; chaparral structure,,,https://www.google.com/search?q=Chaparral%20Whitethorn%20California%20native%20plant,
Our Lord's Candle,Our_Lord_s_Candle.jpg,Native,Shrub,Edible,Stalks & flowers eaten; fiber for rope; yucca moth host; ornamental,,,https://www.google.com/search?q=Our%20Lord%27s%20Candle%20California%20native%20plant,
Mojave Yucca,Mojave_Yucca.jpg,Native,Shrub,Edible,Fruit & flowers eaten; fiber for rope & baskets; soap from roots,,,https://www.google.com/search?q=Mojave%20Yucca%20California%20native%20plant,
Beavertail Cactus,Beavertail_Cactus.jpg,Native,Cactus,Edible,Pads & fruit edible; ornamental; hummingbird food; desert garden,,,https://www.google.com/search?q=Beavertail%20Cactus%20California%20native%20plant,
Brittlebush,Brittlebush.jpg,Native,Shrub,Not edible,Resin used as incense; ornamental; erosion control; pollinator plant,,,https://www.google.com/search?q=Brittlebush%20California%20native%20plant,
Creosote Bush,Creosote_Bush.jpg,Native,Shrub,Caution,Medicinal anti-fungal; oldest living plant; desert ecosystem anchor,,,https://www.google.com/search?q=Creosote%20Bush%20California%20native%20plant,
Ocotillo,Ocotillo.jpg,Native,Shrub,Edible,Flowers eaten; fencing (live hedges); hummingbird plant; desert ornamental,,,https://www.google.com/search?q=Ocotillo%20California%20native%20plant,
Desert Agave,Desert_Agave.jpg,Native,Cactus,Edible,Roasted hearts eaten; fiber; soap; cultural food; century plant,,,https://www.google.com/search?q=Desert%20Agave%20California%20native%20plant,
Chaparral Pea,Chaparral_Pea.jpg,Native,Shrub,Poisonous,Rare chaparral endemic; nitrogen fixer; wildlife thicket,,,https://www.google.com/search?q=Chaparral%20Pea%20California%20native%20plant,
Mountain Mahogany,Mountain_Mahogany.jpg,Native,Shrub,Not edible,Extremely hard wood for tools; deer browse; slope stabilization,,,https://www.google.com/search?q=Mountain%20Mahogany%20California%20native%20plant,
Silk Tassel Bush,Silk_Tassel_Bush.jpg,Native,Shrub,Not edible,Ornamental catkins; wildlife shelter; medicinal bark; hedging,,,https://www.google.com/search?q=Silk%20Tassel%20Bush%20California%20native%20plant,
Hollyleaf Cherry,Hollyleaf_Cherry.jpg,Native,Shrub,Caution,Fruit eaten (pit removed); wildlife food; hedging; shade plant,,,https://www.google.com/search?q=Hollyleaf%20Cherry%20California%20native%20plant,
Scalebroom,Scalebroom.jpg,Native,Shrub,Not edible,Desert wash stabilizer; flood channel revegetation,,,https://www.google.com/search?q=Scalebroom%20California%20native%20plant,
Blue Dicks,Blue_Dicks.jpg,Native,Herb,Edible,Corms eaten raw or cooked; important Indigenous staple food,,,https://www.google.com/search?q=Blue%20Dicks%20California%20native%20plant,
Superb Mariposa Lily,Superb_Mariposa_Lily.jpg,Native,Herb,Edible,Bulbs eaten; ornamental; pollinator; Indigenous food source,,,https://www.google.com/search?q=Superb%20Mariposa%20Lily%20California%20native%20plant,
Yellow Mariposa Lily,Yellow_Mariposa_Lily.jpg,Native,Herb,Edible,Bulbs eaten; ornamental; pollinator; clay soil specialist,,,https://www.google.com/search?q=Yellow%20Mariposa%20Lily%20California%20native%20plant,
Ithuriel's Spear,Ithuriel_s_Spear.jpg,Native,Herb,Edible,Corms eaten; ornamental; pollinator; Indigenous food source,,,https://www.google.com/search?q=Ithuriel%27s%20Spear%20California%20native%20plant,
White Globe Lily,White_Globe_Lily.jpg,Native,Herb,Edible,Bulbs edible; shade garden ornamental; pollinator,,,https://www.google.com/search?q=White%20Globe%20Lily%20California%20native%20plant,
Shooting Star,Shooting_Star.jpg,Native,Herb,Not edible,Ornamental; pollinator (buzz pollination by bumblebees); moist garden,,,https://www.google.com/search?q=Shooting%20Star%20California%20native%20plant,
Indian Paintbrush,Indian_Paintbrush.jpg,Native,Herb,Caution,Medicinal; hummingbird plant; ornamental; hemiparasitic indicator,,,https://www.google.com/search?q=Indian%20Paintbrush%20California%20native%20plant,
Owl's Clover,Owl_s_Clover.jpg,Native,Herb,Caution,Pollinator; grassland wildflower display; hemiparasitic on grasses,,,https://www.google.com/search?q=Owl%27s%20Clover%20California%20native%20plant,
Tidy Tips,Tidy_Tips.jpg,Native,Herb,Edible,Petals edible; wildflower garden; pollinator; companion planting,,,https://www.google.com/search?q=Tidy%20Tips%20California%20native%20plant,
Baby Blue Eyes,Baby_Blue_Eyes.jpg,Native,Herb,Not edible,Ornamental ground cover; pollinator; wildflower meadow,,,https://www.google.com/search?q=Baby%20Blue%20Eyes%20California%20native%20plant,
Farewell to Spring,Farewell_to_Spring.jpg,Native,Herb,Edible,Petals edible; ornamental; cut flower; late-season wildflower,,,https://www.google.com/search?q=Farewell%20to%20Spring%20California%20native%20plant,
Globe Gilia,Globe_Gilia.jpg,Native,Herb,Not edible,Pollinator magnet; wildflower garden; native seed mixes,,,https://www.google.com/search?q=Globe%20Gilia%20California%20native%20plant,
Chia,Chia.jpg,Native,Herb,Edible,Seeds highly nutritious (omega-3); Indigenous staple food; medicinal,,,https://www.google.com/search?q=Chia%20California%20native%20plant,
California Milkmaids,California_Milkmaids.jpg,Native,Herb,Edible,Peppery edible leaves; early-season pollinator; woodland garden,,,https://www.google.com/search?q=California%20Milkmaids%20California%20native%20plant,
Miniature Lupine,Miniature_Lupine.jpg,Native,Herb,Poisonous,Nitrogen fixer; wildflower display; butterfly host; seed toxic,,,https://www.google.com/search?q=Miniature%20Lupine%20California%20native%20plant,
Sky Lupine,Sky_Lupine.jpg,Native,Herb,Poisonous,Nitrogen fixer; wildflower display; butterfly larval host,,,https://www.google.com/search?q=Sky%20Lupine%20California%20native%20plant,
Red Maids,Red_Maids.jpg,Native,Herb,Edible,Seeds important Indigenous grain; edible leaves; grassland annual,,,https://www.google.com/search?q=Red%20Maids%20California%20native%20plant,
Blue-eyed Grass,Blue_eyed_Grass.jpg,Native,Herb,Not edible,Ornamental; pollinator; coastal prairie restoration; iris relative,,,https://www.google.com/search?q=Blue-eyed%20Grass%20California%20native%20plant,
Chinese Houses,Chinese_Houses.jpg,Native,Herb,Not edible,Ornamental; pollinator; woodland garden; shade tolerant,,,https://www.google.com/search?q=Chinese%20Houses%20California%20native%20plant,
Douglas Iris,Douglas_Iris.jpg,Native,Herb,Poisonous,Ornamental; fiber from leaves; hummingbird plant; coastal prairie,,,https://www.google.com/search?q=Douglas%20Iris%20California%20native%20plant,
Checker Bloom,Checker_Bloom.jpg,Native,Herb,Edible,Edible leaves; ornamental; pollinator; coastal prairie restoration,,,https://www.google.com/search?q=Checker%20Bloom%20California%20native%20plant,
Scarlet Bugler Penstemon,Scarlet_Bugler_Penstemon.jpg,Native,Herb,Not edible,Hummingbird specialist; ornamental; dry slope garden,,,https://www.google.com/search?q=Scarlet%20Bugler%20Penstemon%20California%20native%20plant,
Foothill Penstemon,Foothill_Penstemon.jpg,Native,Herb,Not edible,Ornamental; pollinator; dry slope & chaparral garden,,,https://www.google.com/search?q=Foothill%20Penstemon%20California%20native%20plant,
California Goldfields,California_Goldfields.jpg,Native,Herb,Not edible,Mass wildflower display; vernal pool indicator; bee forage,,,https://www.google.com/search?q=California%20Goldfields%20California%20native%20plant,
superb Mariposa Lily,superb_Mariposa_Lily.jpg,Native,Herb,Not edible,Wildflower display; pollinator; companion to poppies,,,https://www.google.com/search?q=superb%20Mariposa%20Lily%20California%20native%20plant,
Wind Poppy,Wind_Poppy.jpg,Native,Herb,Not edible,Rare ornamental; chaparral wildflower; spring display,,,https://www.google.com/search?q=Wind%20Poppy%20California%20native%20plant,
Blazing Star,Blazing_Star.jpg,Native,Herb,Edible,Seeds edible; ornamental nocturnal bloomer; moth-pollinated,,,https://www.google.com/search?q=Blazing%20Star%20California%20native%20plant,
Woolly Sunflower,Woolly_Sunflower.jpg,Native,Shrub,Not edible,Ornamental silver foliage; pollinator; dry slope erosion control,,,https://www.google.com/search?q=Woolly%20Sunflower%20California%20native%20plant,
Tarweed,Tarweed.jpg,Native,Herb,Edible,Seeds edible (oily); late-season pollinator; summer grassland,,,https://www.google.com/search?q=Tarweed%20California%20native%20plant,
Mule Ears,Mule_Ears.jpg,Native,Herb,Edible,Seeds edible; wildlife food; grassland ornamental; spreading perennial,,,https://www.google.com/search?q=Mule%20Ears%20California%20native%20plant,
Gumweed,Gumweed.jpg,Native,Herb,Caution,Medicinal (expectorant); coastal bluff garden; pollinator,,,https://www.google.com/search?q=Gumweed%20California%20native%20plant,
Seaside Daisy,Seaside_Daisy.jpg,Native,Herb,Not edible,Ornamental ground cover; coastal garden; erosion control,,,https://www.google.com/search?q=Seaside%20Daisy%20California%20native%20plant,
Desert Chicory,Desert_Chicory.jpg,Native,Herb,Edible,Edible leaves; desert wildflower; early bee forage,,,https://www.google.com/search?q=Desert%20Chicory%20California%20native%20plant,
Apricot Mallow,Apricot_Mallow.jpg,Native,Herb,Edible,Young leaves edible; desert ornamental; drought garden,,,https://www.google.com/search?q=Apricot%20Mallow%20California%20native%20plant,
Desert Marigold,Desert_Marigold.jpg,Native,Herb,Poisonous,Ornamental; long-blooming desert display; toxic to livestock,,,https://www.google.com/search?q=Desert%20Marigold%20California%20native%20plant,
Evening Primrose,Evening_Primrose.jpg,Native,Herb,Edible,Roots & young leaves edible; moth-pollinated; nocturnal garden,,,https://www.google.com/search?q=Evening%20Primrose%20California%20native%20plant,
Sand Verbena (Pink),Sand_Verbena.jpg,Native,Herb,Not edible,Coastal dune stabilizer; fragrant ornamental; beach garden,,,https://www.google.com/search?q=Sand%20Verbena%20%28Pink%29%20California%20native%20plant,
Beach Evening Primrose,Beach_Evening_Primrose.jpg,Native,Herb,Not edible,Coastal dune stabilizer; sandy garden; silver foliage ornamental,,,https://www.google.com/search?q=Beach%20Evening%20Primrose%20California%20native%20plant,
California Phacelia,California_Phacelia.jpg,Native,Herb,Caution,Pollinator; medicinal; rocky garden; skin irritant,,,https://www.google.com/search?q=California%20Phacelia%20California%20native%20plant,
Blue Phacelia,Blue_Phacelia.jpg,Native,Herb,Caution,Bee forage; desert wildflower; revegetation seed mixes,,,https://www.google.com/search?q=Blue%20Phacelia%20California%20native%20plant,
Whispering Bells,Whispering_Bells.jpg,Native,Herb,Not edible,Post-fire pioneer; dried flower arrangements; interesting texture,,,https://www.google.com/search?q=Whispering%20Bells%20California%20native%20plant,
Fiesta Flower,Fiesta_Flower.jpg,Native,Herb,Caution,Woodland garden; spring wildflower; velcro-like stems for climbing,,,https://www.google.com/search?q=Fiesta%20Flower%20California%20native%20plant,
Biscuitroot,Biscuitroot.jpg,Native,Herb,Edible,Roots & seeds eaten; important Indigenous food; pollinator,,,https://www.google.com/search?q=Biscuitroot%20California%20native%20plant,
Blue Larkspur,Blue_Larkspur.jpg,Native,Herb,Poisonous,Ornamental; pollinator; grassland wildflower; all parts toxic,,,https://www.google.com/search?q=Blue%20Larkspur%20California%20native%20plant,
Scarlet Larkspur,Scarlet_Larkspur.jpg,Native,Herb,Poisonous,Hummingbird plant; ornamental; chaparral garden; all parts toxic,,,https://www.google.com/search?q=Scarlet%20Larkspur%20California%20native%20plant,
Soap Plant,Soap_Plant.jpg,Native,Herb,Caution,Bulb coat as soap & brush; roasted bulb edible; fiber; medicinal,,,https://www.google.com/search?q=Soap%20Plant%20California%20native%20plant,
Paper Wild Onion,Paper_Wild_Onion.jpg,Native,Herb,Edible,Edible bulbs & leaves; Indigenous food; grassland plant,,,https://www.google.com/search?q=Paper%20Wild%20Onion%20California%20native%20plant,
Harvest Brodiaea,Harvest_Brodiaea.jpg,Native,Herb,Edible,Corms important Indigenous food; ornamental; dry garden,,,https://www.google.com/search?q=Harvest%20Brodiaea%20California%20native%20plant,
Mission Bells,Mission_Bells.jpg,Native,Herb,Poisonous,Ornamental; bulb toxic; grassland & woodland wildflower,,,https://www.google.com/search?q=Mission%20Bells%20California%20native%20plant,
Adobe Lily,Adobe_Lily.jpg,Native,Herb,Poisonous,Rare ornamental; clay soil specialist; bulb toxic,,,https://www.google.com/search?q=Adobe%20Lily%20California%20native%20plant,
Death Camas,Death_Camas.jpg,Native,Herb,Poisonous,DEADLY - important safety awareness plant; grassland hazard,,,https://www.google.com/search?q=Death%20Camas%20California%20native%20plant,
Fiddleneck,Fiddleneck.jpg,Native,Herb,Caution,Early bee forage; seeds toxic to livestock; grassland indicator,,,https://www.google.com/search?q=Fiddleneck%20California%20native%20plant,
Butter and Eggs,Butter_and_Eggs.jpg,Native,Herb,Caution,Hemiparasitic; pollinator; grassland wildflower mix,,,https://www.google.com/search?q=Butter%20and%20Eggs%20California%20native%20plant,
Rosinweed,Rosinweed.jpg,Native,Herb,Edible,Seeds edible; pollinator; summer grassland display,,,https://www.google.com/search?q=Rosinweed%20California%20native%20plant,
Hummingbird Trumpet,Hummingbird_Trumpet.jpg,Native,Shrub,Not edible,Hummingbird plant; fall garden; drought-tolerant ornamental,,,https://www.google.com/search?q=Hummingbird%20Trumpet%20California%20native%20plant,
Crimson Monkeyflower,Crimson_Monkeyflower.jpg,Native,Herb,Edible,Edible leaves; hummingbird plant; stream garden; ornamental,,,https://www.google.com/search?q=Crimson%20Monkeyflower%20California%20native%20plant,
Seep Monkeyflower,Seep_Monkeyflower.jpg,Native,Herb,Edible,Edible leaves; water garden; pollinator; stream bank stabilizer,,,https://www.google.com/search?q=Seep%20Monkeyflower%20California%20native%20plant,
Scarlet Bush Monkeyflower,Scarlet_Bush_Monkeyflower.jpg,Native,Shrub,Not edible,Hummingbird specialist; rare coastal sage endemic; ornamental,,,https://www.google.com/search?q=Scarlet%20Bush%20Monkeyflower%20California%20native%20plant,
Keckiella (Red),Keckiella.jpg,Native,Shrub,Not edible,Hummingbird plant; ornamental; chaparral climbing shrub,,,https://www.google.com/search?q=Keckiella%20%28Red%29%20California%20native%20plant,
Yellow Bush Penstemon,Yellow_Bush_Penstemon.jpg,Native,Shrub,Not edible,Ornamental; pollinator; chaparral garden,,,https://www.google.com/search?q=Yellow%20Bush%20Penstemon%20California%20native%20plant,
Apache Plume,Apache_Plume.jpg,Native,Shrub,Not edible,Ornamental feathery seed plumes; desert garden; wildlife cover,,,https://www.google.com/search?q=Apache%20Plume%20California%20native%20plant,
Cliffrose,Cliffrose.jpg,Native,Shrub,Not edible,Fragrant ornamental; deer browse; desert mountain garden,,,https://www.google.com/search?q=Cliffrose%20California%20native%20plant,
Desert Lavender,Desert_Lavender.jpg,Native,Shrub,Edible,Fragrant tea; medicinal; bee forage; desert ornamental,,,https://www.google.com/search?q=Desert%20Lavender%20California%20native%20plant,
Pearly Everlasting,Pearly_Everlasting.jpg,Native,Herb,Edible,Dried flower arrangements; medicinal; pollinator; meadow garden,,,https://www.google.com/search?q=Pearly%20Everlasting%20California%20native%20plant,
Woolly Paintbrush,Woolly_Paintbrush.jpg,Native,Herb,Caution,Hummingbird plant; ornamental; hemiparasitic; dry slope garden,,,https://www.google.com/search?q=Woolly%20Paintbrush%20California%20native%20plant,
Indian Warrior,Indian_Warrior.jpg,Native,Herb,Poisonous,Hummingbird plant; ornamental; early bloomer; hemiparasitic; toxic,,,https://www.google.com/search?q=Indian%20Warrior%20California%20native%20plant,
Sea Fig,Sea_Fig.jpg,Native,Herb,Edible,Edible tart fruit; coastal ground cover; dune stabilizer,,,https://www.google.com/search?q=Sea%20Fig%20California%20native%20plant,
Spectacle Pod,Spectacle_Pod.jpg,Native,Herb,Not edible,Desert ornamental; unique seed pods; sandy soil garden,,,https://www.google.com/search?q=Spectacle%20Pod%20California%20native%20plant,
Valley Oak,Valley_Oak.jpg,Native,Tree,Caution,Acorns as Indigenous staple (leached); timber; shade; wildlife mast,,,https://www.google.com/search?q=Valley%20Oak%20California%20native%20plant,
California Black Oak,California_Black_Oak.jpg,Native,Tree,Caution,Acorns leached for food; timber; fall color; wildlife habitat,,,https://www.google.com/search?q=California%20Black%20Oak%20California%20native%20plant,
Blue Oak,Blue_Oak.jpg,Native,Tree,Caution,Acorns leached for food; savanna habitat; drought-tolerant shade,,,https://www.google.com/search?q=Blue%20Oak%20California%20native%20plant,
California Buckeye,California_Buckeye.jpg,Native,Tree,Poisonous,Ornamental flowers; Indigenous fish stunning; shade; wildlife cover,,,https://www.google.com/search?q=California%20Buckeye%20California%20native%20plant,
Pacific Madrone,Pacific_Madrone.jpg,Native,Tree,Caution,Berries edible; wood for tools; ornamental bark; wildlife food,,,https://www.google.com/search?q=Pacific%20Madrone%20California%20native%20plant,
California Bay Laurel,California_Bay_Laurel.jpg,Native,Tree,Caution,Leaves as cooking bay; medicinal; wood for crafts; wildlife cover,,,https://www.google.com/search?q=California%20Bay%20Laurel%20California%20native%20plant,
Gray Pine,Gray_Pine.jpg,Native,Tree,Edible,Large seeds eaten; resin uses; wildlife mast tree; foothill accent,,,https://www.google.com/search?q=Gray%20Pine%20California%20native%20plant,
Coulter Pine,Coulter_Pine.jpg,Native,Tree,Edible,Large seeds edible; ornamental cones; wildlife habitat; mountain slopes,,,https://www.google.com/search?q=Coulter%20Pine%20California%20native%20plant,
Knobcone Pine,Knobcone_Pine.jpg,Native,Tree,Edible,Seeds edible; fire ecology interest; serotinous cones; wildlife,,,https://www.google.com/search?q=Knobcone%20Pine%20California%20native%20plant,
White Alder,White_Alder.jpg,Native,Tree,Not edible,Nitrogen-fixing riparian tree; dye from bark; stream bank stabilizer,,,https://www.google.com/search?q=White%20Alder%20California%20native%20plant,
Big-leaf Maple,Big_leaf_Maple.jpg,Native,Tree,Edible,Sap for syrup; seeds edible; fall color; wildlife; wood for crafts,,,https://www.google.com/search?q=Big-leaf%20Maple%20California%20native%20plant,
Pacific Dogwood,Pacific_Dogwood.jpg,Native,Tree,Not edible,Ornamental; fall color; wildlife food; understory accent tree,,,https://www.google.com/search?q=Pacific%20Dogwood%20California%20native%20plant,
California Ash,California_Ash.jpg,Native,Tree,Not edible,Riparian habitat; ornamental; wildlife food; canyon accent,,,https://www.google.com/search?q=California%20Ash%20California%20native%20plant,
Tanoak,Tanoak.jpg,Native,Tree,Caution,Acorns leached for food; tannin for leather; wildlife mast; timber,,,https://www.google.com/search?q=Tanoak%20California%20native%20plant,
Western Juniper,Western_Juniper.jpg,Native,Tree,Caution,Berries (small amounts) flavoring; wood for posts; wildlife food,,,https://www.google.com/search?q=Western%20Juniper%20California%20native%20plant,
Blue Palo Verde,Blue_Palo_Verde.jpg,Native,Tree,Edible,Seeds & flowers edible; nitrogen fixer; desert shade; hummingbird,,,https://www.google.com/search?q=Blue%20Palo%20Verde%20California%20native%20plant,
Desert Ironwood,Desert_Ironwood.jpg,Native,Tree,Edible,Seeds roasted & eaten; hardest North American wood; nurse plant,,,https://www.google.com/search?q=Desert%20Ironwood%20California%20native%20plant,
California Wild Ginger,California_Wild_Ginger.jpg,Native,Herb,Caution,Aromatic rhizome as ginger substitute; shade garden ground cover,,,https://www.google.com/search?q=California%20Wild%20Ginger%20California%20native%20plant,
Coral Bells,Coral_Bells.jpg,Native,Herb,Not edible,Ornamental; hummingbird plant; shaded rock garden; cut flower,,,https://www.google.com/search?q=Coral%20Bells%20California%20native%20plant,
Mountain Pennyroyal,Mountain_Pennyroyal.jpg,Native,Herb,Edible,Aromatic tea; medicinal; rock garden; bee forage; minty fragrance,,,https://www.google.com/search?q=Mountain%20Pennyroyal%20California%20native%20plant,
Coyote Mint,Coyote_Mint.jpg,Native,Herb,Edible,Edible minty tea; medicinal; pollinator; dry garden ornamental,,,https://www.google.com/search?q=Coyote%20Mint%20California%20native%20plant,
Purple Needlegrass,Purple_Needlegrass.jpg,Native,Grass,Edible,State grass; seeds edible; erosion control; native lawn substitute,,,https://www.google.com/search?q=Purple%20Needlegrass%20California%20native%20plant,
Deer Grass,Deer_Grass.jpg,Native,Grass,Not edible,Basket weaving; erosion control; ornamental clump; wildlife cover,,,https://www.google.com/search?q=Deer%20Grass%20California%20native%20plant,
Blue Wild Rye,Blue_Wild_Rye.jpg,Native,Grass,Edible,Seeds edible; erosion control; shade-tolerant native grass; wildlife,,,https://www.google.com/search?q=Blue%20Wild%20Rye%20California%20native%20plant,
Salt Grass,Salt_Grass.jpg,Native,Grass,Edible,Edible salty seeds; salt marsh stabilizer; alkaline soil specialist,,,https://www.google.com/search?q=Salt%20Grass%20California%20native%20plant,
California Cord Grass,California_Cord_Grass.jpg,Native,Grass,Not edible,Salt marsh stabilizer; tidal wetland; bird nesting; erosion control,,,https://www.google.com/search?q=California%20Cord%20Grass%20California%20native%20plant,
Tule,Tule.jpg,Native,Grass,Edible,Pollen & shoots edible; tule elk habitat; mat weaving; Indigenous boats,,,https://www.google.com/search?q=Tule%20California%20native%20plant,
Common Cattail,Common_Cattail.jpg,Native,Grass,Edible,Multiple edible parts; weaving; wildlife; water filtration; wetland,,,https://www.google.com/search?q=Common%20Cattail%20California%20native%20plant,
Pacific Rush,Pacific_Rush.jpg,Native,Grass,Not edible,Wetland restoration; basket weaving; wildlife cover; water filtration,,,https://www.google.com/search?q=Pacific%20Rush%20California%20native%20plant,
Meadow Barley,Meadow_Barley.jpg,Native,Grass,Edible,Seeds edible; native lawn; coastal meadow restoration; wildlife,,,https://www.google.com/search?q=Meadow%20Barley%20California%20native%20plant,
Indian Ricegrass,Indian_Ricegrass.jpg,Native,Grass,Edible,Important Indigenous grain; high protein; desert erosion control,,,https://www.google.com/search?q=Indian%20Ricegrass%20California%20native%20plant,
One-sided Bluegrass,One_sided_Bluegrass.jpg,Native,Grass,Edible,Seeds edible; widespread erosion control; dry slope restoration,,,https://www.google.com/search?q=One-sided%20Bluegrass%20California%20native%20plant,
Pacific Fescue,Pacific_Fescue.jpg,Native,Grass,Edible,Seeds edible; ornamental bunchgrass; woodland shade grass; wildlife,,,https://www.google.com/search?q=Pacific%20Fescue%20California%20native%20plant,
Slender Hairgrass,Slender_Hairgrass.jpg,Native,Grass,Edible,Seeds edible; ornamental; moist meadow restoration; streamside,,,https://www.google.com/search?q=Slender%20Hairgrass%20California%20native%20plant,
Mesa Sedge,Mesa_Sedge.jpg,Native,Grass,Not edible,Native lawn substitute; coastal meadow; erosion control; low water,,,https://www.google.com/search?q=Mesa%20Sedge%20California%20native%20plant,
Spikerush,Spikerush.jpg,Native,Grass,Edible,Rootstocks edible; vernal pool restoration; water garden; wildlife,,,https://www.google.com/search?q=Spikerush%20California%20native%20plant,
Western Sword Fern,Western_Sword_Fern.jpg,Native,Fern,Not edible,Ornamental; forest understory; fronds used in floristry; wildlife,,,https://www.google.com/search?q=Western%20Sword%20Fern%20California%20native%20plant,
Goldback Fern,Goldback_Fern.jpg,Native,Fern,Not edible,Ornamental gold-backed fronds; dry shade garden; chaparral fern,,,https://www.google.com/search?q=Goldback%20Fern%20California%20native%20plant,
California Polypody,California_Polypody.jpg,Native,Fern,Edible,Rhizomes licorice-flavored; rock garden fern; cliff face ornamental,,,https://www.google.com/search?q=California%20Polypody%20California%20native%20plant,
Five-finger Fern,Five_finger_Fern.jpg,Native,Fern,Not edible,Delicate ornamental; stream spray zones; moist rock garden,,,https://www.google.com/search?q=Five-finger%20Fern%20California%20native%20plant,
Silverback Fern,Silverback_Fern.jpg,Native,Fern,Not edible,Ornamental silver underside; dry rocky garden; chaparral fern,,,https://www.google.com/search?q=Silverback%20Fern%20California%20native%20plant,
Coffee Fern,Coffee_Fern.jpg,Native,Fern,Not edible,Drought-tolerant fern; chaparral; ornamental coffee-bean leaflets,,,https://www.google.com/search?q=Coffee%20Fern%20California%20native%20plant,
Bird's-foot Fern,Bird_s_foot_Fern.jpg,Native,Fern,Not edible,Drought-adapted fern; rock garden; desert edge ornamental,,,https://www.google.com/search?q=Bird%27s-foot%20Fern%20California%20native%20plant,
Bracken Fern,Bracken_Fern.jpg,Native,Fern,Caution,Young fronds edible in small amounts; carcinogenic if eaten often,,,https://www.google.com/search?q=Bracken%20Fern%20California%20native%20plant,
Lady Fern,Lady_Fern.jpg,Native,Fern,Not edible,Ornamental; moist forest garden; delicate texture; stream bank,,,https://www.google.com/search?q=Lady%20Fern%20California%20native%20plant,
Rock Brake,Rock_Brake.jpg,Native,Fern,Not edible,Alpine rock garden; talus slope specialist; small ornamental fern,,,https://www.google.com/search?q=Rock%20Brake%20California%20native%20plant,
California Lace Fern,California_Lace_Fern.jpg,Native,Fern,Not edible,Ornamental lacy fronds; rocky cliff garden; drought-tolerant,,,https://www.google.com/search?q=California%20Lace%20Fern%20California%20native%20plant,
Cloak Fern,Cloak_Fern.jpg,Native,Fern,Not edible,Desert rock garden; drought-adapted; scale-covered ornamental fern,,,https://www.google.com/search?q=Cloak%20Fern%20California%20native%20plant,
Horsetail,Horsetail.jpg,Native,Fern,Caution,Scouring tool (silica-rich stems); medicinal; pond edge; toxic in quantity,,,https://www.google.com/search?q=Horsetail%20California%20native%20plant,
California Spikenard,California_Spikenard.jpg,Native,Herb,Caution,Berries edible; medicinal root; dramatic foliage; moist canyon garden,,,https://www.google.com/search?q=California%20Spikenard%20California%20native%20plant,
Cow Parsnip,Cow_Parsnip.jpg,Native,Herb,Caution,Young parts edible; fiber; large-leaved accent; sap causes phototoxicity,,,https://www.google.com/search?q=Cow%20Parsnip%20California%20native%20plant,
Snowdrop Bush,Snowdrop_Bush.jpg,Native,Shrub,Not edible,Fragrant ornamental; rare foothill woodland; wildlife,,,https://www.google.com/search?q=Snowdrop%20Bush%20California%20native%20plant,
Spicebush,Spicebush.jpg,Native,Shrub,Caution,Aromatic ornamental; stream garden; bark fragrant; seeds mildly toxic,,,https://www.google.com/search?q=Spicebush%20California%20native%20plant,
Bush Anemone,Bush_Anemone.jpg,Native,Shrub,Not edible,Rare endemic ornamental; white flowers; Fresno Co. specialty,,,https://www.google.com/search?q=Bush%20Anemone%20California%20native%20plant,
Mission Manzanita,Mission_Manzanita.jpg,Native,Shrub,Edible,Berries edible; ornamental bicolor leaves; chaparral; wildlife,,,https://www.google.com/search?q=Mission%20Manzanita%20California%20native%20plant,
Bigpod Ceanothus,Bigpod_Ceanothus.jpg,Native,Shrub,Edible,Flowers for tea; nitrogen fixer; ornamental; chaparral anchor,,,https://www.google.com/search?q=Bigpod%20Ceanothus%20California%20native%20plant,
Deer Brush,Deer_Brush.jpg,Native,Shrub,Edible,Flowers for tea; nitrogen fixer; deer browse; mountain chaparral,,,https://www.google.com/search?q=Deer%20Brush%20California%20native%20plant,
Chaparral Currant,Chaparral_Currant.jpg,Native,Shrub,Caution,Berries edible tart; ornamental winter bloomer; wildlife food,,,https://www.google.com/search?q=Chaparral%20Currant%20California%20native%20plant,
Squaw Bush,Squaw_Bush.jpg,Native,Shrub,Edible,Tart berries eaten; basket weaving; dye; ornamental fall color,,,https://www.google.com/search?q=Squaw%20Bush%20California%20native%20plant,
Spiny Redberry,Spiny_Redberry.jpg,Native,Shrub,Poisonous,Wildlife food (birds); thicket habitat; chaparral structure,,,https://www.google.com/search?q=Spiny%20Redberry%20California%20native%20plant,
Hairy Yerba Santa,Hairy_Yerba_Santa.jpg,Native,Shrub,Edible,Medicinal tea; expectorant; cough remedy; aromatic ornamental,,,https://www.google.com/search?q=Hairy%20Yerba%20Santa%20California%20native%20plant,
Prickly Phlox,Prickly_Phlox.jpg,Native,Herb,Not edible,Ornamental; spring wildflower; dry rocky slope garden,,,https://www.google.com/search?q=Prickly%20Phlox%20California%20native%20plant,
Inside-out Flower,Inside_out_Flower.jpg,Native,Herb,Not edible,Ornamental; redwood forest ground cover; delicate white flowers,,,https://www.google.com/search?q=Inside-out%20Flower%20California%20native%20plant,
Coyote Tobacco,Coyote_Tobacco.jpg,Native,Herb,Poisonous,Ceremonial Indigenous use; hummingbird plant; all parts toxic,,,https://www.google.com/search?q=Coyote%20Tobacco%20California%20native%20plant,
Datura (Sacred),Datura.jpg,Native,Herb,Poisonous,Ceremonial plant; ornamental nocturnal blooms; HIGHLY toxic,,,https://www.google.com/search?q=Datura%20%28Sacred%29%20California%20native%20plant,
Catclaw Acacia,Catclaw_Acacia.jpg,Native,Shrub,Edible,Seeds edible; wildlife food; thorny barrier hedge; bee forage,,,https://www.google.com/search?q=Catclaw%20Acacia%20California%20native%20plant,
Burrobrush,Burrobrush.jpg,Native,Shrub,Not edible,Desert wash stabilizer; wildlife cover; xeriscape,,,https://www.google.com/search?q=Burrobrush%20California%20native%20plant,
Desert Broom,Desert_Broom.jpg,Native,Shrub,Not edible,Erosion control; desert revegetation; wildlife cover,,,https://www.google.com/search?q=Desert%20Broom%20California%20native%20plant,
Desert Holly,Desert_Holly.jpg,Native,Shrub,Not edible,Ornamental silver holly-like leaves; desert garden; drought garden,,,https://www.google.com/search?q=Desert%20Holly%20California%20native%20plant,
Cheesebush,Cheesebush.jpg,Native,Shrub,Not edible,Desert wash habitat; strong-smelling; wildlife cover,,,https://www.google.com/search?q=Cheesebush%20California%20native%20plant,
Goldenhead,Goldenhead.jpg,Native,Shrub,Not edible,Desert ornamental; yellow flowers; dry wash garden,,,https://www.google.com/search?q=Goldenhead%20California%20native%20plant,
Parish's Goldeneye,Parish_s_Goldeneye.jpg,Native,Shrub,Not edible,Late-season pollinator; desert ornamental; yellow daisy flowers,,,https://www.google.com/search?q=Parish%27s%20Goldeneye%20California%20native%20plant,
Desert Trumpet,Desert_Trumpet.jpg,Native,Herb,Edible,Seeds & leaves edible; unique inflated stem; desert curiosity,,,https://www.google.com/search?q=Desert%20Trumpet%20California%20native%20plant,
Silver Cholla,Silver_Cholla.jpg,Native,Cactus,Edible,Buds edible; ornamental silver spines; desert wildlife habitat,,,https://www.google.com/search?q=Silver%20Cholla%20California%20native%20plant,
Barrel Cactus (California),Barrel_Cactus.jpg,Native,Cactus,Edible,Pulp edible; fruit edible; compass plant (leans south); ornamental,,,https://www.google.com/search?q=Barrel%20Cactus%20%28California%29%20California%20native%20plant,
Buckhorn Cholla,Buckhorn_Cholla.jpg,Native,Cactus,Edible,Buds edible; bird nesting; ornamental; desert garden anchor,,,https://www.google.com/search?q=Buckhorn%20Cholla%20California%20native%20plant,
Coast Cholla,Coast_Cholla.jpg,Native,Cactus,Edible,Buds edible; coastal sage scrub; bird nesting cactus,,,https://www.google.com/search?q=Coast%20Cholla%20California%20native%20plant,
Mojave Aster,Mojave_Aster.jpg,Native,Herb,Not edible,Ornamental spring desert display; pollinator; xeriscape,,,https://www.google.com/search?q=Mojave%20Aster%20California%20native%20plant,
Desert Aster,Desert_Aster.jpg,Native,Herb,Not edible,Late-season pollinator; ornamental; desert garden,,,https://www.google.com/search?q=Desert%20Aster%20California%20native%20plant,
Spanish Bayonet,Spanish_Bayonet.jpg,Native,Shrub,Edible,Flowers edible; fiber; soap from roots; dramatic ornamental,,,https://www.google.com/search?q=Spanish%20Bayonet%20California%20native%20plant,
Shaw's Agave,Shaw_s_Agave.jpg,Native,Cactus,Edible,Roasted hearts edible; fiber; rare coastal ornamental; cultural plant,,,https://www.google.com/search?q=Shaw%27s%20Agave%20California%20native%20plant,
California Fan Palm,California_Fan_Palm.jpg,Native,Palm,Edible,Fruit edible; fronds for shelter & baskets; desert oasis anchor,,,https://www.google.com/search?q=California%20Fan%20Palm%20California%20native%20plant,
Hesper Palm,Hesper_Palm.jpg,Native,Palm,Edible,Fruit edible; ornamental; Baja border specialty; desert island,,,https://www.google.com/search?q=Hesper%20Palm%20California%20native%20plant,
Desert Senna,Desert_Senna.jpg,Native,Shrub,Caution,Medicinal laxative; ornamental yellow flowers; butterfly host,,,https://www.google.com/search?q=Desert%20Senna%20California%20native%20plant,
Cat's Claw Mimosa,Cat_s_Claw_Mimosa.jpg,Native,Shrub,Not edible,Thorny barrier; wildlife cover; desert wash stabilizer,,,https://www.google.com/search?q=Cat%27s%20Claw%20Mimosa%20California%20native%20plant,
Honey Mesquite,Honey_Mesquite.jpg,Native,Tree,Edible,Pods ground into flour; bee forage; wildlife; shade; Indigenous food,,,https://www.google.com/search?q=Honey%20Mesquite%20California%20native%20plant,
Screwbean Mesquite,Screwbean_Mesquite.jpg,Native,Tree,Edible,Spiral pods edible; Indigenous food; riparian shade; wildlife,,,https://www.google.com/search?q=Screwbean%20Mesquite%20California%20native%20plant,
Foxtail Cactus,Foxtail_Cactus.jpg,Native,Cactus,Not edible,Ornamental; unique cylindrical form; desert garden,,,https://www.google.com/search?q=Foxtail%20Cactus%20California%20native%20plant,
Sea Rocket,Sea_Rocket.jpg,Native,Herb,Edible,Spicy edible leaves; coastal annual; beach garden curiosity,,,https://www.google.com/search?q=Sea%20Rocket%20California%20native%20plant,
Sand Verbena (Yellow),Sand_Verbena.jpg,Native,Herb,Not edible,Fragrant desert dune ornamental; sandy soil specialist,,,https://www.google.com/search?q=Sand%20Verbena%20%28Yellow%29%20California%20native%20plant,
Scarlet Gilia,Scarlet_Gilia.jpg,Native,Herb,Not edible,Hummingbird plant; ornamental; dry montane garden,,,https://www.google.com/search?q=Scarlet%20Gilia%20California%20native%20plant,
Brown-eyed Evening Primrose,Brown_eyed_Evening_Primrose.jpg,Native,Herb,Edible,Edible roots; nocturnal bloomer; moth-pollinated; sandy garden,,,https://www.google.com/search?q=Brown-eyed%20Evening%20Primrose%20California%20native%20plant,
Desert Blazingstar,Desert_Blazingstar.jpg,Native,Herb,Edible,Seeds edible; nocturnal ornamental; desert rocky garden,,,https://www.google.com/search?q=Desert%20Blazingstar%20California%20native%20plant,
Tansy Phacelia,Tansy_Phacelia.jpg,Native,Herb,Caution,Bee forage; wildflower meadow; skin irritant; vivid blue blooms,,,https://www.google.com/search?q=Tansy%20Phacelia%20California%20native%20plant,
White Layia,White_Layia.jpg,Native,Herb,Not edible,Wildflower display; pollinator; sandy soil specialist,,,https://www.google.com/search?q=White%20Layia%20California%20native%20plant,
Fremont's Tidytips,Fremont_s_Tidytips.jpg,Native,Herb,Edible,Petals edible; valley wildflower display; bee forage,,,https://www.google.com/search?q=Fremont%27s%20Tidytips%20California%20native%20plant,
Canyon Clarkia,Canyon_Clarkia.jpg,Native,Herb,Edible,Petals edible; shaded canyon garden; ornamental annual,,,https://www.google.com/search?q=Canyon%20Clarkia%20California%20native%20plant,
Winecup Clarkia,Winecup_Clarkia.jpg,Native,Herb,Edible,Petals edible; wildflower meadow; pollinator,,,https://www.google.com/search?q=Winecup%20Clarkia%20California%20native%20plant,
Elegant Clarkia,Elegant_Clarkia.jpg,Native,Herb,Edible,Petals edible; shade-tolerant wildflower; ornamental annual,,,https://www.google.com/search?q=Elegant%20Clarkia%20California%20native%20plant,
Farewell-to-Spring (Red),Farewell_to_Spring.jpg,Native,Herb,Edible,Petals edible; coastal wildflower; late-season display,,,https://www.google.com/search?q=Farewell-to-Spring%20%28Red%29%20California%20native%20plant,
Hillside Pea,Hillside_Pea.jpg,Native,Herb,Caution,Climbing wildflower; pollinator; chaparral edge; seeds mildly toxic,,,https://www.google.com/search?q=Hillside%20Pea%20California%20native%20plant,
Pacific Pea,Pacific_Pea.jpg,Native,Herb,Caution,Coastal dune stabilizer; silver ornamental; seeds mildly toxic,,,https://www.google.com/search?q=Pacific%20Pea%20California%20native%20plant,
Broad-leaf Lupine,Broad_leaf_Lupine.jpg,Native,Herb,Poisonous,Nitrogen fixer; ornamental; mountain meadow; seeds toxic,,,https://www.google.com/search?q=Broad-leaf%20Lupine%20California%20native%20plant,
Deer Clover,Deer_Clover.jpg,Native,Herb,Edible,Young leaves edible; deer forage; moist grassland restoration,,,https://www.google.com/search?q=Deer%20Clover%20California%20native%20plant,
Purple Owl's Clover,Purple_Owl_s_Clover.jpg,Native,Herb,Caution,Wildflower display; hemiparasitic; pollinator,,,https://www.google.com/search?q=Purple%20Owl%27s%20Clover%20California%20native%20plant,
Parish's Poppy,Parish_s_Poppy.jpg,Native,Herb,Caution,Desert mountain ornamental; rare spring annual; poppy relative,,,https://www.google.com/search?q=Parish%27s%20Poppy%20California%20native%20plant,
Parish's Phacelia,Parish_s_Phacelia.jpg,Native,Herb,Caution,Bee forage; desert wildflower; skin irritant,,,https://www.google.com/search?q=Parish%27s%20Phacelia%20California%20native%20plant,
Woolly Phacelia,Woolly_Phacelia.jpg,Native,Herb,Caution,Bee forage; wildflower display; skin irritant; soft woolly texture,,,https://www.google.com/search?q=Woolly%20Phacelia%20California%20native%20plant,
Caterpillar Phacelia,Caterpillar_Phacelia.jpg,Native,Herb,Caution,Bee forage; coiled flower clusters; wildflower mix; skin irritant,,,https://www.google.com/search?q=Caterpillar%20Phacelia%20California%20native%20plant,
Scarlet Pimpernel,Scarlet_Pimpernel.jpg,Non-native,Herb,Poisonous,Toxic weed; weather-predicting flowers (close when cloudy),,,https://www.google.com/search?q=Scarlet%20Pimpernel%20California%20native%20plant,
Wild Mustard,Wild_Mustard.jpg,Non-native,Herb,Edible,Edible greens & seeds; invasive; fire hazard; bee forage,,,https://www.google.com/search?q=Wild%20Mustard%20California%20native%20plant,
Red-stem Filaree,Red_stem_Filaree.jpg,Non-native,Herb,Edible,Edible leaves; early bee forage; spiraling seed corkscrew dispersal,,,https://www.google.com/search?q=Red-stem%20Filaree%20California%20native%20plant,
White-stem Filaree,White_stem_Filaree.jpg,Non-native,Herb,Edible,Edible leaves; early bee forage; drought-adapted weed,,,https://www.google.com/search?q=White-stem%20Filaree%20California%20native%20plant,
Foxtail Barley,Foxtail_Barley.jpg,Non-native,Grass,Caution,Barbed awns injure pets; weed; limited wildlife value,,,https://www.google.com/search?q=Foxtail%20Barley%20California%20native%20plant,
Wild Oats,Wild_Oats.jpg,Non-native,Grass,Edible,Seeds edible; invasive grassland weed; fire hazard; bee forage,,,https://www.google.com/search?q=Wild%20Oats%20California%20native%20plant,
Ripgut Brome,Ripgut_Brome.jpg,Non-native,Grass,Caution,Invasive; awns injure livestock; fire fuel; displaces natives,,,https://www.google.com/search?q=Ripgut%20Brome%20California%20native%20plant,
Cheatgrass,Cheatgrass.jpg,Non-native,Grass,Caution,Highly invasive; increases wildfire frequency; displaces natives,,,https://www.google.com/search?q=Cheatgrass%20California%20native%20plant,
Italian Ryegrass,Italian_Ryegrass.jpg,Non-native,Grass,Not edible,Invasive turf weed; displaces native grasses; fire fuel,,,https://www.google.com/search?q=Italian%20Ryegrass%20California%20native%20plant,
Annual Bluegrass,Annual_Bluegrass.jpg,Non-native,Grass,Not edible,Lawn & turf weed; displaces natives; early spring grower,,,https://www.google.com/search?q=Annual%20Bluegrass%20California%20native%20plant,
Bermuda Grass,Bermuda_Grass.jpg,Non-native,Grass,Not edible,Invasive lawn weed; drought tolerant; sports turf; hard to remove,,,https://www.google.com/search?q=Bermuda%20Grass%20California%20native%20plant,
Kikuyu Grass,Kikuyu_Grass.jpg,Non-native,Grass,Not edible,Aggressive invasive; smothers natives; hard to control,,,https://www.google.com/search?q=Kikuyu%20Grass%20California%20native%20plant,
Hottentot Fig (Ice Plant),Hottentot_Fig.jpg,Non-native,Herb,Edible,Edible tart fruit; invasive dune cover; smothers native plants,,,https://www.google.com/search?q=Hottentot%20Fig%20%28Ice%20Plant%29%20California%20native%20plant,
Freeway Ice Plant,Freeway_Ice_Plant.jpg,Non-native,Herb,Not edible,Invasive; used for erosion control; smothers native plants,,,https://www.google.com/search?q=Freeway%20Ice%20Plant%20California%20native%20plant,
Cape Ivy,Cape_Ivy.jpg,Non-native,Vine,Poisonous,Highly invasive; smothers trees; toxic; hard to control,,,https://www.google.com/search?q=Cape%20Ivy%20California%20native%20plant,
English Ivy,English_Ivy.jpg,Non-native,Vine,Poisonous,Invasive shade ground cover; toxic berries; smothers understory,,,https://www.google.com/search?q=English%20Ivy%20California%20native%20plant,
Pampas Grass,Pampas_Grass.jpg,Non-native,Grass,Not edible,Highly invasive; fire hazard; large ornamental; hard to eradicate,,,https://www.google.com/search?q=Pampas%20Grass%20California%20native%20plant,
Giant Reed,Giant_Reed.jpg,Non-native,Grass,Not edible,Highly invasive riparian weed; fire hazard; displaces willows,,,https://www.google.com/search?q=Giant%20Reed%20California%20native%20plant,
Tamarisk (Saltcedar),Tamarisk.jpg,Non-native,Tree,Not edible,Invasive riparian; salt accumulation; displaces natives; fire fuel,,,https://www.google.com/search?q=Tamarisk%20%28Saltcedar%29%20California%20native%20plant,
Tree of Heaven,Tree_of_Heaven.jpg,Non-native,Tree,Poisonous,Invasive urban weed tree; allelopathic; Spotted Lanternfly host,,,https://www.google.com/search?q=Tree%20of%20Heaven%20California%20native%20plant,
Eucalyptus (Blue Gum),Eucalyptus_Blue_Gum.jpg,Non-native,Tree,Not edible,Invasive; fire hazard; Monarch butterfly roost; medicinal oil,,,https://www.google.com/search?q=Eucalyptus%20%28Blue%20Gum%29%20California%20native%20plant,
Eucalyptus (Lemon),Eucalyptus_Lemon.jpg,Non-native,Tree,Not edible,Invasive; insect repellent oil; ornamental; fire hazard,,,https://www.google.com/search?q=Eucalyptus%20%28Lemon%29%20California%20native%20plant,
Periwinkle,Periwinkle.jpg,Non-native,Herb,Poisonous,Invasive ground cover; toxic; medicinal alkaloids; shade garden,,,https://www.google.com/search?q=Periwinkle%20California%20native%20plant,
Common Fennel,Common_Fennel.jpg,Non-native,Herb,Edible,Edible all parts; anise flavor; invasive; swallowtail butterfly host,,,https://www.google.com/search?q=Common%20Fennel%20California%20native%20plant,
Wild Artichoke Thistle,Wild_Artichoke_Thistle.jpg,Non-native,Herb,Edible,Edible hearts & stalks; invasive; sharp spines; fire hazard,,,https://www.google.com/search?q=Wild%20Artichoke%20Thistle%20California%20native%20plant,
Yellow Star Thistle,Yellow_Star_Thistle.jpg,Non-native,Herb,Caution,Invasive; causes horse brain disease; bee forage for honey,,,https://www.google.com/search?q=Yellow%20Star%20Thistle%20California%20native%20plant,
Bull Thistle,Bull_Thistle.jpg,Non-native,Herb,Edible,Edible roots & stems; invasive; goldfinch seed source,,,https://www.google.com/search?q=Bull%20Thistle%20California%20native%20plant,
Milk Thistle,Milk_Thistle.jpg,Non-native,Herb,Edible,Edible greens & seeds; medicinal (liver supplement); invasive,,,https://www.google.com/search?q=Milk%20Thistle%20California%20native%20plant,
Russian Thistle (Tumbleweed),Russian_Thistle.jpg,Non-native,Herb,Edible,Young shoots edible; iconic tumbleweed; fire hazard; invasive,,,https://www.google.com/search?q=Russian%20Thistle%20%28Tumbleweed%29%20California%20native%20plant,
London Rocket,London_Rocket.jpg,Non-native,Herb,Edible,Edible peppery leaves; invasive winter annual; bee forage,,,https://www.google.com/search?q=London%20Rocket%20California%20native%20plant,
Shepherd's Purse,Shepherd_s_Purse.jpg,Non-native,Herb,Edible,Edible greens & seeds; medicinal; common urban weed,,,https://www.google.com/search?q=Shepherd%27s%20Purse%20California%20native%20plant,
Hairy Bittercress,Hairy_Bittercress.jpg,Non-native,Herb,Edible,Edible peppery leaves; explosive seed dispersal; common weed,,,https://www.google.com/search?q=Hairy%20Bittercress%20California%20native%20plant,
Common Chickweed,Common_Chickweed.jpg,Non-native,Herb,Edible,Edible tender greens; medicinal; early bee forage; common weed,,,https://www.google.com/search?q=Common%20Chickweed%20California%20native%20plant,
Lamb's Quarters,Lamb_s_Quarters.jpg,Non-native,Herb,Edible,Nutritious edible greens; seeds edible; common garden weed,,,https://www.google.com/search?q=Lamb%27s%20Quarters%20California%20native%20plant,
Common Purslane,Common_Purslane.jpg,Non-native,Herb,Edible,Nutritious edible (omega-3); medicinal; succulent weed; worldwide,,,https://www.google.com/search?q=Common%20Purslane%20California%20native%20plant,
Pigweed (Redroot),Pigweed_Redroot.jpg,Non-native,Herb,Edible,Edible leaves & seeds; high protein; nutritious weed,,,https://www.google.com/search?q=Pigweed%20%28Redroot%29%20California%20native%20plant,
Common Mallow,Common_Mallow.jpg,Non-native,Herb,Edible,"Edible leaves, flowers & seeds; mucilaginous; medicinal; weed",,,https://www.google.com/search?q=Common%20Mallow%20California%20native%20plant,
Cheeseweed Mallow,Cheeseweed_Mallow.jpg,Non-native,Herb,Edible,Edible young leaves; cheese-shaped seeds edible; urban weed,,,https://www.google.com/search?q=Cheeseweed%20Mallow%20California%20native%20plant,
Curly Dock,Curly_Dock.jpg,Non-native,Herb,Caution,Young leaves edible (tart); seeds edible; medicinal; high oxalates,,,https://www.google.com/search?q=Curly%20Dock%20California%20native%20plant,
Broad-leaf Dock,Broad_leaf_Dock.jpg,Non-native,Herb,Caution,Young leaves edible; medicinal; burdock-like dock; high oxalates,,,https://www.google.com/search?q=Broad-leaf%20Dock%20California%20native%20plant,
Sheep Sorrel,Sheep_Sorrel.jpg,Non-native,Herb,Caution,Tart edible leaves; lemonade-like drink; high oxalates; medicinal,,,https://www.google.com/search?q=Sheep%20Sorrel%20California%20native%20plant,
Yellow Wood Sorrel,Yellow_Wood_Sorrel.jpg,Non-native,Herb,Caution,Tart edible leaves; ornamental; high oxalates; common weed,,,https://www.google.com/search?q=Yellow%20Wood%20Sorrel%20California%20native%20plant,
Common Groundsel,Common_Groundsel.jpg,Non-native,Herb,Poisonous,Toxic liver alkaloids; fast-cycling weed; bird seed plant,,,https://www.google.com/search?q=Common%20Groundsel%20California%20native%20plant,
Bristly Oxtongue,Bristly_Oxtongue.jpg,Non-native,Herb,Edible,Edible young leaves (bitter); bee forage; coastal weed,,,https://www.google.com/search?q=Bristly%20Oxtongue%20California%20native%20plant,
Cat's Ear,Cat_s_Ear.jpg,Non-native,Herb,Edible,Edible dandelion-like leaves & roots; bee forage; lawn weed,,,https://www.google.com/search?q=Cat%27s%20Ear%20California%20native%20plant,
Crabgrass,Crabgrass.jpg,Non-native,Grass,Edible,Seeds edible; soil binder; lawn weed; heat-tolerant,,,https://www.google.com/search?q=Crabgrass%20California%20native%20plant,
Barnyardgrass,Barnyardgrass.jpg,Non-native,Grass,Edible,Seeds edible; bird forage; wetland weed; fast growing,,,https://www.google.com/search?q=Barnyardgrass%20California%20native%20plant,
Johnsongrass,Johnsongrass.jpg,Non-native,Grass,Caution,Invasive; HCN in wilted leaves toxic to livestock; hard to control,,,https://www.google.com/search?q=Johnsongrass%20California%20native%20plant,
Smilo Grass,Smilo_Grass.jpg,Non-native,Grass,Not edible,Invasive bunchgrass; displaces natives; dry slope weed,,,https://www.google.com/search?q=Smilo%20Grass%20California%20native%20plant,
Jimsonweed,Jimsonweed.jpg,Non-native,Herb,Poisonous,HIGHLY toxic; ornamental nocturnal flowers; hallucinogenic; invasive,,,https://www.google.com/search?q=Jimsonweed%20California%20native%20plant,
Tree Tobacco,Tree_Tobacco.jpg,Non-native,Shrub,Poisonous,Highly toxic; hummingbird nectar (toxic to others); invasive shrub,,,https://www.google.com/search?q=Tree%20Tobacco%20California%20native%20plant,
Common Tobacco,Common_Tobacco.jpg,Non-native,Herb,Poisonous,Toxic alkaloids; historical commercial crop; hummingbird plant,,,https://www.google.com/search?q=Common%20Tobacco%20California%20native%20plant,
Purple Loosestrife,Purple_Loosestrife.jpg,Non-native,Herb,Not edible,Invasive wetland; beautiful but destroys marsh habitat,,,https://www.google.com/search?q=Purple%20Loosestrife%20California%20native%20plant,
Common Mullein,Common_Mullein.jpg,Non-native,Herb,Caution,"Medicinal leaves (ear oil, lung tea); torch plant; biennial weed",,,https://www.google.com/search?q=Common%20Mullein%20California%20native%20plant,
Moth Mullein,Moth_Mullein.jpg,Non-native,Herb,Not edible,Ornamental roadside weed; biennial; not medicinal like common mullein,,,https://www.google.com/search?q=Moth%20Mullein%20California%20native%20plant,
Horehound,Horehound.jpg,Non-native,Herb,Caution,Medicinal cough drops; edible in small amounts; invasive weed,,,https://www.google.com/search?q=Horehound%20California%20native%20plant,
Common Plantain,Common_Plantain.jpg,Non-native,Herb,Edible,Edible nutritious leaves; wound-healing medicinal; lawn weed,,,https://www.google.com/search?q=Common%20Plantain%20California%20native%20plant,
Narrow-leaf Plantain,Narrow_leaf_Plantain.jpg,Non-native,Herb,Edible,Edible young leaves; medicinal; bee forage; lawn weed,,,https://www.google.com/search?q=Narrow-leaf%20Plantain%20California%20native%20plant,
Spotted Spurge,Spotted_Spurge.jpg,Non-native,Herb,Poisonous,Toxic milky sap; lawn weed; skin irritant; hard to control,,,https://www.google.com/search?q=Spotted%20Spurge%20California%20native%20plant,
Prostrate Spurge,Prostrate_Spurge.jpg,Non-native,Herb,Poisonous,Toxic milky sap; mat-forming weed; skin & eye irritant,,,https://www.google.com/search?q=Prostrate%20Spurge%20California%20native%20plant,
Castor Bean,Castor_Bean.jpg,Non-native,Shrub,Poisonous,HIGHLY toxic seeds (ricin); ornamental foliage; invasive riparian,,,https://www.google.com/search?q=Castor%20Bean%20California%20native%20plant,
Storksbill,Storksbill.jpg,Non-native,Herb,Edible,Edible young leaves; corkscrew awns; common lawn weed,,,https://www.google.com/search?q=Storksbill%20California%20native%20plant,
Red Clover,Red_Clover.jpg,Non-native,Herb,Edible,Edible flowers & leaves; medicinal; nitrogen fixer; bee forage,,,https://www.google.com/search?q=Red%20Clover%20California%20native%20plant,
White Clover,White_Clover.jpg,Non-native,Herb,Edible,Edible flowers; nitrogen fixer; lawn companion; bee forage,,,https://www.google.com/search?q=White%20Clover%20California%20native%20plant,
Bur Clover,Bur_Clover.jpg,Non-native,Herb,Caution,Burs tangle in fur; nitrogen fixer; winter annual weed,,,https://www.google.com/search?q=Bur%20Clover%20California%20native%20plant,
Black Medic,Black_Medic.jpg,Non-native,Herb,Edible,Edible seeds & leaves; nitrogen fixer; clover-like weed,,,https://www.google.com/search?q=Black%20Medic%20California%20native%20plant,
Yellow Sweet Clover,Yellow_Sweet_Clover.jpg,Non-native,Herb,Caution,Medicinal; bee forage (excellent honey); anticoagulant if moldy,,,https://www.google.com/search?q=Yellow%20Sweet%20Clover%20California%20native%20plant,
Common Vetch,Common_Vetch.jpg,Non-native,Vine,Caution,Nitrogen fixer; seeds mildly toxic; cover crop; wildlife forage,,,https://www.google.com/search?q=Common%20Vetch%20California%20native%20plant,
Hairy Vetch,Hairy_Vetch.jpg,Non-native,Vine,Caution,Nitrogen fixer; cover crop; bee forage; seeds mildly toxic,,,https://www.google.com/search?q=Hairy%20Vetch%20California%20native%20plant,
Alfalfa,Alfalfa.jpg,Non-native,Herb,Edible,Nutritious edible sprouts; hay crop; nitrogen fixer; bee forage,,,https://www.google.com/search?q=Alfalfa%20California%20native%20plant,
Pink Oxalis,Pink_Oxalis.jpg,Non-native,Herb,Caution,"Edible (tart, high oxalates); ornamental bulb; invasive garden weed",,,https://www.google.com/search?q=Pink%20Oxalis%20California%20native%20plant,
Poison Hemlock,Poison_Hemlock.jpg,Non-native,Herb,Poisonous,DEADLY toxic; resembles edible plants; invasive; avoid all contact,,,https://www.google.com/search?q=Poison%20Hemlock%20California%20native%20plant,
Wild Carrot,Wild_Carrot.jpg,Non-native,Herb,Caution,Edible root; ancestor of carrot; resembles toxic hemlock - caution,,,https://www.google.com/search?q=Wild%20Carrot%20California%20native%20plant,
Pineapple Weed,Pineapple_Weed.jpg,Non-native,Herb,Edible,Edible pineapple-scented flowers; tea; medicinal; path-side weed,,,https://www.google.com/search?q=Pineapple%20Weed%20California%20native%20plant,
Common Chamomile,Common_Chamomile.jpg,Non-native,Herb,Edible,Edible tea flowers; medicinal relaxant; fragrant lawn companion,,,https://www.google.com/search?q=Common%20Chamomile%20California%20native%20plant,
Mayweed,Mayweed.jpg,Non-native,Herb,Caution,Medicinal; strong-smelling; skin irritant; chamomile look-alike,,,https://www.google.com/search?q=Mayweed%20California%20native%20plant,
Silver Wattle,Silver_Wattle.jpg,Non-native,Tree,Not edible,Invasive; tannin source; ornamental; fire hazard; fast growing,,,https://www.google.com/search?q=Silver%20Wattle%20California%20native%20plant,
Bailey's Acacia,Bailey_s_Acacia.jpg,Non-native,Tree,Not edible,Invasive ornamental; yellow pom-pom flowers; fire hazard,,,https://www.google.com/search?q=Bailey%27s%20Acacia%20California%20native%20plant,
Brazilian Pepper Tree,Brazilian_Pepper_Tree.jpg,Non-native,Tree,Poisonous,Invasive; toxic berries; skin irritant (pepper family); hard to remove,,,https://www.google.com/search?q=Brazilian%20Pepper%20Tree%20California%20native%20plant,
California Pepper Tree,California_Pepper_Tree.jpg,Non-native,Tree,Caution,Ornamental shade tree; pink berries used as pepper; skin irritant,,,https://www.google.com/search?q=California%20Pepper%20Tree%20California%20native%20plant,
European Olive,European_Olive.jpg,Non-native,Tree,Edible,Edible cured fruit; oil production; ornamental; can naturalize,,,https://www.google.com/search?q=European%20Olive%20California%20native%20plant,
Oleander,Oleander.jpg,Non-native,Shrub,Poisonous,HIGHLY toxic all parts; ornamental hedge; highway planting; fragrant,,,https://www.google.com/search?q=Oleander%20California%20native%20plant,
Lantana,Lantana.jpg,Non-native,Shrub,Poisonous,Toxic berries; ornamental; butterfly nectar; invasive in mild climates,,,https://www.google.com/search?q=Lantana%20California%20native%20plant,
Bougainvillea,Bougainvillea.jpg,Non-native,Vine,Caution,Ornamental thorny vine; thorns cause injury; drought-tolerant,,,https://www.google.com/search?q=Bougainvillea%20California%20native%20plant,
Field Bindweed,Field_Bindweed.jpg,Non-native,Vine,Caution,Invasive; hard to eradicate; morning glory flowers; deep roots,,,https://www.google.com/search?q=Field%20Bindweed%20California%20native%20plant,
Morning Glory (Bindweed),Morning_Glory.jpg,Non-native,Vine,Caution,Ornamental invasive; seeds toxic; twining garden vine,,,https://www.google.com/search?q=Morning%20Glory%20%28Bindweed%29%20California%20native%20plant,
Dodder (Field),Dodder.jpg,Non-native,Vine,Not edible,Parasitic vine; smothers host plants; invasive; no chlorophyll,,,https://www.google.com/search?q=Dodder%20%28Field%29%20California%20native%20plant,
Fountain Grass,Fountain_Grass.jpg,Non-native,Grass,Not edible,Invasive ornamental; fire hazard; displaces native plants,,,https://www.google.com/search?q=Fountain%20Grass%20California%20native%20plant,
African Lovegrass,African_Lovegrass.jpg,Non-native,Grass,Not edible,Invasive; fire hazard; displaces native grasses,,,https://www.google.com/search?q=African%20Lovegrass%20California%20native%20plant,
Veldt Grass,Veldt_Grass.jpg,Non-native,Grass,Not edible,Invasive; fire hazard; South African origin; dry slope weed,,,https://www.google.com/search?q=Veldt%20Grass%20California%20native%20plant,
Common Fig (Feral),Common_Fig.jpg,Non-native,Tree,Edible,Edible fruit; wildlife food; riparian invasive; ornamental,,,https://www.google.com/search?q=Common%20Fig%20%28Feral%29%20California%20native%20plant,
Tree Mallow,Tree_Mallow.jpg,Non-native,Herb,Edible,Edible leaves & flowers; ornamental; coastal weed; bee forage,,,https://www.google.com/search?q=Tree%20Mallow%20California%20native%20plant,
Pride of Madeira,Pride_of_Madeira.jpg,Non-native,Shrub,Not edible,Ornamental coastal shrub; bee forage; can naturalize; blue spires,,,https://www.google.com/search?q=Pride%20of%20Madeira%20California%20native%20plant,
Spanish Broom,Spanish_Broom.jpg,Non-native,Shrub,Poisonous,Invasive; toxic seeds; fire hazard; ornamental yellow flowers,,,https://www.google.com/search?q=Spanish%20Broom%20California%20native%20plant,
French Broom,French_Broom.jpg,Non-native,Shrub,Poisonous,Highly invasive; toxic; fire hazard; hard to eradicate; nitrogen fixer,,,https://www.google.com/search?q=French%20Broom%20California%20native%20plant,
Scotch Broom,Scotch_Broom.jpg,Non-native,Shrub,Poisonous,Highly invasive; toxic; fire hazard; hard to eradicate,,,https://www.google.com/search?q=Scotch%20Broom%20California%20native%20plant,
Gorse,Gorse.jpg,Non-native,Shrub,Not edible,Invasive spiny shrub; fire hazard; impenetrable thickets,,,https://www.google.com/search?q=Gorse%20California%20native%20plant,
Australian Saltbush,Australian_Saltbush.jpg,Non-native,Shrub,Edible,Edible salty leaves; drought-tolerant; erosion control; ornamental,,,https://www.google.com/search?q=Australian%20Saltbush%20California%20native%20plant,
Russian Olive,Russian_Olive.jpg,Non-native,Tree,Edible,Edible fruit; wildlife food; invasive riparian; silver foliage,,,https://www.google.com/search?q=Russian%20Olive%20California%20native%20plant,
White Mulberry,White_Mulberry.jpg,Non-native,Tree,Edible,Edible berries; silkworm host; invasive urban tree; wildlife food,,,https://www.google.com/search?q=White%20Mulberry%20California%20native%20plant,
Common Hawthorn,Common_Hawthorn.jpg,Non-native,Tree,Edible,Edible berries (haws); medicinal heart tonic; wildlife; hedging,,,https://www.google.com/search?q=Common%20Hawthorn%20California%20native%20plant,
London Plane Tree,London_Plane_Tree.jpg,Non-native,Tree,Not edible,Street tree; pollution-tolerant; ornamental bark; wildlife,,,https://www.google.com/search?q=London%20Plane%20Tree%20California%20native%20plant,
Canary Island Pine,Canary_Island_Pine.jpg,Non-native,Tree,Not edible,Ornamental street tree; fire-adapted; drought-tolerant,,,https://www.google.com/search?q=Canary%20Island%20Pine%20California%20native%20plant,
Italian Cypress,Italian_Cypress.jpg,Non-native,Tree,Not edible,Ornamental architectural tree; cemetery planting; windbreak,,,https://www.google.com/search?q=Italian%20Cypress%20California%20native%20plant,
Artichoke,Artichoke.jpg,Non-native,Herb,Edible,Edible flower buds; ornamental silvery foliage; bee forage,,,https://www.google.com/search?q=Artichoke%20California%20native%20plant,
